{"cameraMode":{"drawMode":0,"name":"Shaded","section":"Shading Mode"},"sceneLighting":true,"audioPlay":false,"sceneViewState":{"m_AlwaysRefresh":false,"showFog":true,"showSkybox":true,"showFlares":true,"showImageEffects":true,"showParticleSystems":true,"showVisualEffectGraphs":true,"m_FxEnabled":true},"in2DMode":false,"pivot":{"x":4.265491008758545,"y":1.9365410804748536,"z":13.727112770080567},"rotation":{"x":0.06910080462694168,"y":0.9221252799034119,"z":-0.19512586295604707,"w":0.32697659730911257},"size":5.917503356933594,"orthographic":false}