{"cameraMode":{"drawMode":0,"name":"Shaded","section":"Shading Mode"},"sceneLighting":false,"audioPlay":false,"sceneViewState":{"m_AlwaysRefresh":false,"showFog":true,"showSkybox":true,"showFlares":true,"showImageEffects":true,"showParticleSystems":true,"showVisualEffectGraphs":true,"m_FxEnabled":true},"in2DMode":false,"pivot":{"x":-2.5645647048950197,"y":-1.2368717193603516,"z":16.426334381103517},"rotation":{"x":-0.04012447968125343,"y":0.9510565996170044,"z":-0.27247196435928347,"w":-0.14054149389266969},"size":4.628236770629883,"orthographic":false}