{"cameraMode":{"drawMode":0,"name":"Shaded","section":"Shading Mode"},"sceneLighting":false,"audioPlay":false,"sceneViewState":{"m_AlwaysRefresh":false,"showFog":true,"showSkybox":true,"showFlares":true,"showImageEffects":true,"showParticleSystems":true,"showVisualEffectGraphs":true,"m_FxEnabled":true},"in2DMode":false,"pivot":{"x":-1.850899338722229,"y":0.8946061134338379,"z":10.017024993896485},"rotation":{"x":0.23858121037483216,"y":0.06752713024616242,"z":-0.016633104532957078,"w":0.9686344861984253},"size":3.821415901184082,"orthographic":false}