{"cameraMode":{"drawMode":0,"name":"Shaded","section":"Shading Mode"},"sceneLighting":false,"audioPlay":false,"sceneViewState":{"m_AlwaysRefresh":false,"showFog":true,"showSkybox":true,"showFlares":true,"showImageEffects":true,"showParticleSystems":true,"showVisualEffectGraphs":true,"m_FxEnabled":true},"in2DMode":false,"pivot":{"x":55.77519989013672,"y":13.176506042480469,"z":48.528297424316409},"rotation":{"x":-0.11829184740781784,"y":-0.06009983271360397,"z":0.007252320647239685,"w":-0.9910772442817688},"size":36.68784713745117,"orthographic":false}