{"cameraMode":{"drawMode":0,"name":"Shaded","section":"Shading Mode"},"sceneLighting":false,"audioPlay":false,"sceneViewState":{"m_AlwaysRefresh":false,"showFog":true,"showSkybox":true,"showFlares":true,"showImageEffects":true,"showParticleSystems":true,"showVisualEffectGraphs":true,"m_FxEnabled":true},"in2DMode":false,"pivot":{"x":418.362060546875,"y":223.964111328125,"z":104.41706848144531},"rotation":{"x":-0.013188201002776623,"y":0.016493096947669984,"z":0.00021750459563918412,"w":0.999777615070343},"size":282.8461608886719,"orthographic":false}