{"cameraMode":{"drawMode":0,"name":"Shaded","section":"Shading Mode"},"sceneLighting":true,"audioPlay":false,"sceneViewState":{"m_AlwaysRefresh":false,"showFog":true,"showSkybox":true,"showFlares":true,"showImageEffects":true,"showParticleSystems":true,"showVisualEffectGraphs":true,"m_FxEnabled":true},"in2DMode":false,"pivot":{"x":4.965508460998535,"y":0.7467584609985352,"z":11.056325912475586},"rotation":{"x":-0.3191947638988495,"y":0.15347301959991456,"z":-0.052459198981523517,"w":-0.9337195158004761},"size":11.50889778137207,"orthographic":false}