{"cameraMode":{"drawMode":0,"name":"Shaded","section":"Shading Mode"},"sceneLighting":false,"audioPlay":false,"sceneViewState":{"m_AlwaysRefresh":false,"showFog":true,"showSkybox":true,"showFlares":true,"showImageEffects":true,"showParticleSystems":true,"showVisualEffectGraphs":true,"m_FxEnabled":true},"in2DMode":false,"pivot":{"x":43.165672302246097,"y":4.121098518371582,"z":3.8239965438842775},"rotation":{"x":-0.13903836905956269,"y":-0.43395140767097475,"z":0.06798192858695984,"w":-0.8875011801719666},"size":20.10697364807129,"orthographic":false}