{"cameraMode":{"drawMode":0,"name":"Shaded","section":"Shading Mode"},"sceneLighting":false,"audioPlay":false,"sceneViewState":{"m_AlwaysRefresh":false,"showFog":true,"showSkybox":true,"showFlares":true,"showImageEffects":true,"showParticleSystems":true,"showVisualEffectGraphs":true,"m_FxEnabled":true},"in2DMode":false,"pivot":{"x":208.82351684570313,"y":13.67037296295166,"z":169.20936584472657},"rotation":{"x":0.018404848873615266,"y":-0.40414977073669436,"z":-0.008083916269242764,"w":-0.91453617811203},"size":134.6211700439453,"orthographic":false}