{"cameraMode":{"drawMode":0,"name":"Shaded","section":"Shading Mode"},"sceneLighting":false,"audioPlay":false,"sceneViewState":{"m_AlwaysRefresh":false,"showFog":true,"showSkybox":true,"showFlares":true,"showImageEffects":true,"showParticleSystems":true,"showVisualEffectGraphs":true,"m_FxEnabled":true},"in2DMode":false,"pivot":{"x":10.896986961364746,"y":-107.15272521972656,"z":63.273597717285159},"rotation":{"x":-0.5636600852012634,"y":-0.007323308847844601,"z":0.005197553429752588,"w":-0.8260251879692078},"size":85.38298034667969,"orthographic":false}