{"cameraMode":{"drawMode":0,"name":"Shaded","section":"Shading Mode"},"sceneLighting":false,"audioPlay":false,"sceneViewState":{"m_AlwaysRefresh":false,"showFog":true,"showSkybox":true,"showFlares":true,"showImageEffects":true,"showParticleSystems":true,"showVisualEffectGraphs":true,"m_FxEnabled":true},"in2DMode":false,"pivot":{"x":-19.73862075805664,"y":-29.207931518554689,"z":63.614315032958987},"rotation":{"x":0.009156247600913048,"y":-0.8380520939826965,"z":0.5453599691390991,"w":0.01408120896667242},"size":58.437618255615237,"orthographic":false}