{"cameraMode":{"drawMode":0,"name":"Shaded","section":"Shading Mode"},"sceneLighting":true,"audioPlay":false,"sceneViewState":{"m_AlwaysRefresh":false,"showFog":true,"showSkybox":true,"showFlares":true,"showImageEffects":true,"showParticleSystems":true,"showVisualEffectGraphs":true,"m_FxEnabled":true},"in2DMode":false,"pivot":{"x":-2.66117525100708,"y":1.4903783798217774,"z":24.898271560668947},"rotation":{"x":0.023397816345095636,"y":0.006001358386129141,"z":-0.00014210020890459418,"w":0.9997496604919434},"size":9.965205192565918,"orthographic":false}