{"cameraMode":{"drawMode":0,"name":"Shaded","section":"Shading Mode"},"sceneLighting":false,"audioPlay":false,"sceneViewState":{"m_AlwaysRefresh":false,"showFog":true,"showSkybox":true,"showFlares":true,"showImageEffects":true,"showParticleSystems":true,"showVisualEffectGraphs":true,"m_FxEnabled":true},"in2DMode":false,"pivot":{"x":23.140155792236329,"y":5.296761512756348,"z":-3.3120696544647219},"rotation":{"x":0.038248155266046527,"y":0.08533301949501038,"z":-0.003278116462752223,"w":0.9956135749816895},"size":5.2642669677734379,"orthographic":false}