{"cameraMode":{"drawMode":0,"name":"Shaded","section":"Shading Mode"},"sceneLighting":false,"audioPlay":false,"sceneViewState":{"m_AlwaysRefresh":false,"showFog":true,"showSkybox":true,"showFlares":true,"showImageEffects":true,"showParticleSystems":true,"showVisualEffectGraphs":true,"m_FxEnabled":true},"in2DMode":false,"pivot":{"x":25.155681610107423,"y":-12.099117279052735,"z":17.63559913635254},"rotation":{"x":0.27580758929252627,"y":0.05475251004099846,"z":-0.015739072114229204,"w":0.9595221281051636},"size":25.30475425720215,"orthographic":false}