{"cameraMode":{"drawMode":0,"name":"Shaded","section":"Shading Mode"},"sceneLighting":false,"audioPlay":false,"sceneViewState":{"m_AlwaysRefresh":false,"showFog":true,"showSkybox":true,"showFlares":true,"showImageEffects":true,"showParticleSystems":true,"showVisualEffectGraphs":true,"m_FxEnabled":true},"in2DMode":false,"pivot":{"x":26.17565155029297,"y":-1.4145660400390626,"z":21.030521392822267},"rotation":{"x":0.038988955318927768,"y":0.9336206316947937,"z":-0.3396330177783966,"w":0.10717522352933884},"size":1.9340202808380128,"orthographic":false}