{"cameraMode":{"drawMode":0,"name":"Shaded","section":"Shading Mode"},"sceneLighting":false,"audioPlay":false,"sceneViewState":{"m_AlwaysRefresh":false,"showFog":true,"showSkybox":true,"showFlares":true,"showImageEffects":true,"showParticleSystems":true,"showVisualEffectGraphs":true,"m_FxEnabled":true},"in2DMode":false,"pivot":{"x":340.7337341308594,"y":1.4520951509475709,"z":102.72283172607422},"rotation":{"x":0.0024391633924096824,"y":0.5825605988502502,"z":-0.0017464844277128578,"w":0.812749445438385},"size":159.0288848876953,"orthographic":false}