{"cameraMode":{"drawMode":0,"name":"Shaded","section":"Shading Mode"},"sceneLighting":true,"audioPlay":false,"sceneViewState":{"m_AlwaysRefresh":false,"showFog":true,"showSkybox":true,"showFlares":true,"showImageEffects":true,"showParticleSystems":true,"showVisualEffectGraphs":true,"m_FxEnabled":true},"in2DMode":false,"pivot":{"x":4.616016387939453,"y":-20.609542846679689,"z":47.373878479003909},"rotation":{"x":0.4084080457687378,"y":0.4513130486011505,"z":-0.24415716528892518,"w":0.7549309134483337},"size":32.383426666259769,"orthographic":false}