{"cameraMode":{"drawMode":0,"name":"Shaded","section":"Shading Mode"},"sceneLighting":true,"audioPlay":false,"sceneViewState":{"m_AlwaysRefresh":false,"showFog":true,"showSkybox":true,"showFlares":true,"showImageEffects":true,"showParticleSystems":true,"showVisualEffectGraphs":true,"m_FxEnabled":true},"in2DMode":false,"pivot":{"x":14.385934829711914,"y":6.422571182250977,"z":-1.1851158142089844},"rotation":{"x":-0.3475910723209381,"y":-0.048916272819042209,"z":0.018162237480282785,"w":-0.936210036277771},"size":25.10902976989746,"orthographic":false}