{"cameraMode":{"drawMode":0,"name":"Shaded","section":"Shading Mode"},"sceneLighting":true,"audioPlay":false,"sceneViewState":{"m_AlwaysRefresh":false,"showFog":true,"showSkybox":true,"showFlares":true,"showImageEffects":true,"showParticleSystems":true,"showVisualEffectGraphs":true,"m_FxEnabled":true},"in2DMode":false,"pivot":{"x":210.5221405029297,"y":5.265268802642822,"z":-2.0674216747283937},"rotation":{"x":-0.01837209425866604,"y":-0.09541104733943939,"z":0.0017323708161711693,"w":-0.9952847361564636},"size":5.0239739418029789,"orthographic":false}