{"cameraMode":{"drawMode":0,"name":"Shaded","section":"Shading Mode"},"sceneLighting":false,"audioPlay":false,"sceneViewState":{"m_AlwaysRefresh":false,"showFog":true,"showSkybox":true,"showFlares":true,"showImageEffects":true,"showParticleSystems":true,"showVisualEffectGraphs":true,"m_FxEnabled":true},"in2DMode":false,"pivot":{"x":-0.8379237055778503,"y":2.669055461883545,"z":22.371641159057618},"rotation":{"x":0.001934850588440895,"y":0.99793940782547,"z":-0.03894037380814552,"w":0.05031635984778404},"size":0.8302754163742065,"orthographic":false}