{"cameraMode":{"drawMode":0,"name":"Shaded","section":"Shading Mode"},"sceneLighting":false,"audioPlay":false,"sceneViewState":{"m_AlwaysRefresh":false,"showFog":true,"showSkybox":true,"showFlares":true,"showImageEffects":true,"showParticleSystems":true,"showVisualEffectGraphs":true,"m_FxEnabled":true},"in2DMode":false,"pivot":{"x":78.41609191894531,"y":31.03289222717285,"z":-58.908565521240237},"rotation":{"x":-0.15390905737876893,"y":-0.05833374708890915,"z":0.009096386842429638,"w":-0.9862945675849915},"size":4.276008129119873,"orthographic":false}