{"cameraMode":{"drawMode":0,"name":"Shaded","section":"Shading Mode"},"sceneLighting":true,"audioPlay":false,"sceneViewState":{"m_AlwaysRefresh":false,"showFog":true,"showSkybox":true,"showFlares":true,"showImageEffects":true,"showParticleSystems":true,"showVisualEffectGraphs":true,"m_FxEnabled":true},"in2DMode":false,"pivot":{"x":0.1180073469877243,"y":3.963639497756958,"z":4.657272815704346},"rotation":{"x":-0.0019368835492059589,"y":-0.9979390501976013,"z":0.05243999883532524,"w":-0.036848604679107669},"size":1.166000247001648,"orthographic":false}