{"cameraMode":{"drawMode":0,"name":"Shaded","section":"Shading Mode"},"sceneLighting":false,"audioPlay":false,"sceneViewState":{"m_AlwaysRefresh":false,"showFog":true,"showSkybox":true,"showFlares":true,"showImageEffects":true,"showParticleSystems":true,"showVisualEffectGraphs":true,"m_FxEnabled":true},"in2DMode":false,"pivot":{"x":122.65735626220703,"y":2.148707389831543,"z":34.6374626159668},"rotation":{"x":-0.014111797325313092,"y":-0.5428247451782227,"z":0.009130681864917279,"w":-0.8396521806716919},"size":45.980281829833987,"orthographic":false}