{"cameraMode":{"drawMode":0,"name":"Shaded","section":"Shading Mode"},"sceneLighting":false,"audioPlay":false,"sceneViewState":{"m_AlwaysRefresh":false,"showFog":true,"showSkybox":true,"showFlares":true,"showImageEffects":true,"showParticleSystems":true,"showVisualEffectGraphs":true,"m_FxEnabled":true},"in2DMode":false,"pivot":{"x":683.7518920898438,"y":315.0673828125,"z":130.20489501953126},"rotation":{"x":-0.036591771990060809,"y":0.0059973495081067089,"z":0.00020888258586637676,"w":0.9993384480476379},"size":342.27484130859377,"orthographic":false}