{"cameraMode":{"drawMode":0,"name":"Shaded","section":"Shading Mode"},"sceneLighting":false,"audioPlay":false,"sceneViewState":{"m_AlwaysRefresh":false,"showFog":true,"showSkybox":true,"showFlares":true,"showImageEffects":true,"showParticleSystems":true,"showVisualEffectGraphs":true,"m_FxEnabled":true},"in2DMode":false,"pivot":{"x":3.36871075630188,"y":-1.6329045295715333,"z":15.283638000488282},"rotation":{"x":-0.0021608537063002588,"y":0.9648995399475098,"z":-0.2623743712902069,"w":-0.007831074297428131},"size":3.321498394012451,"orthographic":false}