{"cameraMode":{"drawMode":0,"name":"Shaded","section":"Shading Mode"},"sceneLighting":true,"audioPlay":false,"sceneViewState":{"m_AlwaysRefresh":false,"showFog":true,"showSkybox":true,"showFlares":true,"showImageEffects":true,"showParticleSystems":true,"showVisualEffectGraphs":true,"m_FxEnabled":true},"in2DMode":false,"pivot":{"x":-0.9506664276123047,"y":2.5697414875030519,"z":7.300474166870117},"rotation":{"x":-0.10256806761026383,"y":-0.01598435267806053,"z":0.0016831348184496165,"w":-0.9946563839912415},"size":2.2335827350616457,"orthographic":false}