{"cameraMode":{"drawMode":0,"name":"Shaded","section":"Shading Mode"},"sceneLighting":false,"audioPlay":false,"sceneViewState":{"m_AlwaysRefresh":false,"showFog":true,"showSkybox":true,"showFlares":true,"showImageEffects":true,"showParticleSystems":true,"showVisualEffectGraphs":true,"m_FxEnabled":true},"in2DMode":false,"pivot":{"x":1.6746152639389039,"y":0.6158748865127564,"z":10.018316268920899},"rotation":{"x":-0.022236522287130357,"y":0.9476638436317444,"z":-0.31131353974342348,"w":-0.06777339428663254},"size":4.263543128967285,"orthographic":false}