{"cameraMode":{"drawMode":0,"name":"Shaded","section":"Shading Mode"},"sceneLighting":true,"audioPlay":false,"sceneViewState":{"m_AlwaysRefresh":false,"showFog":true,"showSkybox":true,"showFlares":true,"showImageEffects":true,"showParticleSystems":true,"showVisualEffectGraphs":true,"m_FxEnabled":true},"in2DMode":false,"pivot":{"x":-0.5252047777175903,"y":1.674090027809143,"z":14.783027648925782},"rotation":{"x":0.034803640097379687,"y":0.9595205187797546,"z":-0.13693282008171082,"w":0.2437945455312729},"size":1.3746699094772339,"orthographic":false}