{"cameraMode":{"drawMode":0,"name":"Shaded","section":"Shading Mode"},"sceneLighting":false,"audioPlay":false,"sceneViewState":{"m_AlwaysRefresh":false,"showFog":true,"showSkybox":true,"showFlares":true,"showImageEffects":true,"showParticleSystems":true,"showVisualEffectGraphs":true,"m_FxEnabled":true},"in2DMode":false,"pivot":{"x":37.528690338134769,"y":4.171426773071289,"z":-3.89748477935791},"rotation":{"x":-0.10494192689657211,"y":0.05638214200735092,"z":-0.005952352657914162,"w":-0.9928188920021057},"size":0.8128966689109802,"orthographic":false}