{"cameraMode":{"drawMode":0,"name":"Shaded","section":"Shading Mode"},"sceneLighting":false,"audioPlay":false,"sceneViewState":{"m_AlwaysRefresh":false,"showFog":true,"showSkybox":true,"showFlares":true,"showImageEffects":true,"showParticleSystems":true,"showVisualEffectGraphs":true,"m_FxEnabled":true},"in2DMode":false,"pivot":{"x":-0.32028067111968996,"y":0.08854246139526367,"z":10.697943687438965},"rotation":{"x":-0.022236522287130357,"y":0.9476638436317444,"z":-0.31131353974342348,"w":-0.06777339428663254},"size":5.9933552742004398,"orthographic":false}