{"cameraMode":{"drawMode":0,"name":"Shaded","section":"Shading Mode"},"sceneLighting":false,"audioPlay":false,"sceneViewState":{"m_AlwaysRefresh":false,"showFog":true,"showSkybox":true,"showFlares":true,"showImageEffects":true,"showParticleSystems":true,"showVisualEffectGraphs":true,"m_FxEnabled":true},"in2DMode":false,"pivot":{"x":1.0372360944747925,"y":1.138818383216858,"z":21.72787094116211},"rotation":{"x":0.00537962606176734,"y":0.9742623567581177,"z":-0.023386800661683084,"w":0.22420823574066163},"size":0.4330126941204071,"orthographic":false}