{"cameraMode":{"drawMode":0,"name":"Shaded","section":"Shading Mode"},"sceneLighting":false,"audioPlay":false,"sceneViewState":{"m_AlwaysRefresh":false,"showFog":true,"showSkybox":true,"showFlares":true,"showImageEffects":true,"showParticleSystems":true,"showVisualEffectGraphs":true,"m_FxEnabled":true},"in2DMode":false,"pivot":{"x":27.004308700561525,"y":3.7552120685577394,"z":0.5109653472900391},"rotation":{"x":0.29781898856163027,"y":0.10994184017181397,"z":-0.034551866352558139,"w":0.9476411938667297},"size":5.871049880981445,"orthographic":false}