{"cameraMode":{"drawMode":0,"name":"Shaded","section":"Shading Mode"},"sceneLighting":true,"audioPlay":false,"sceneViewState":{"m_AlwaysRefresh":false,"showFog":true,"showSkybox":true,"showFlares":true,"showImageEffects":true,"showParticleSystems":true,"showVisualEffectGraphs":true,"m_FxEnabled":true},"in2DMode":false,"pivot":{"x":-0.3801284730434418,"y":2.9378409385681154,"z":6.983458518981934},"rotation":{"x":-0.0002358238707529381,"y":0.9992154836654663,"z":0.005995417945086956,"w":0.039285629987716678},"size":0.19441981613636018,"orthographic":false}