{"cameraMode":{"drawMode":0,"name":"Shaded","section":"Shading Mode"},"sceneLighting":false,"audioPlay":false,"sceneViewState":{"m_AlwaysRefresh":false,"showFog":true,"showSkybox":true,"showFlares":true,"showImageEffects":true,"showParticleSystems":true,"showVisualEffectGraphs":true,"m_FxEnabled":true},"in2DMode":false,"pivot":{"x":2.7743682861328127,"y":0.8942205309867859,"z":6.634066581726074},"rotation":{"x":-0.26754599809646609,"y":-0.19288739562034608,"z":0.05480669066309929,"w":-0.9424728751182556},"size":1.861342430114746,"orthographic":false}