{"cameraMode":{"drawMode":0,"name":"Shaded","section":"Shading Mode"},"sceneLighting":false,"audioPlay":false,"sceneViewState":{"m_AlwaysRefresh":false,"showFog":true,"showSkybox":true,"showFlares":true,"showImageEffects":true,"showParticleSystems":true,"showVisualEffectGraphs":true,"m_FxEnabled":true},"in2DMode":false,"pivot":{"x":4.616361141204834,"y":1.0249115228652955,"z":15.703936576843262},"rotation":{"x":-0.020894525572657586,"y":-0.6622962355613709,"z":0.01847950927913189,"w":-0.7487198710441589},"size":3.7463719844818117,"orthographic":false}